z,target,images_analyzed,winner,winner_pct,jpegli_420_wins,jpegli_444_wins,mozjpeg_420_wins,mozjpeg_444_wins,jpegli_420_pct,jpegli_444_pct,mozjpeg_420_pct,mozjpeg_444_pct,mozjpeg_max_420_pct,mozjpeg_max_444_pct,jpegli_420_mean_size,jpegli_444_mean_size,mozjpeg_420_mean_size,mozjpeg_444_mean_size,jpegli_total_pct,mozjpeg_total_pct
0,0,336,jpegli-420,33.63095238095239,113.0,5.0,104.0,10.0,33.63095238095239,1.488095238095238,30.952380952380953,2.976190476190476,29.761904761904763,1.1904761904761905,22528.761904761905,26923.005952380954,22035.08630952381,24960.10714285714,35.11904761904763,64.88095238095238
1,1,336,jpegli-420,34.82142857142857,117.0,4.0,102.0,11.0,34.82142857142857,1.1904761904761905,30.357142857142854,3.273809523809524,28.869047619047617,1.488095238095238,22575.154761904763,27072.494047619046,22147.1875,25186.440476190477,36.01190476190476,63.98809523809524
2,2,336,jpegli-420,35.41666666666667,119.0,4.0,106.0,11.0,35.41666666666667,1.1904761904761905,31.547619047619047,3.273809523809524,27.380952380952383,1.1904761904761905,22679.5625,27185.339285714286,22291.729166666668,25466.26785714286,36.60714285714286,63.39285714285714
3,3,336,jpegli-420,35.714285714285715,120.0,4.0,104.0,9.0,35.714285714285715,1.1904761904761905,30.952380952380953,2.6785714285714284,27.976190476190478,1.488095238095238,22783.443452380954,27286.458333333332,22499.949404761905,25600.279761904763,36.904761904761905,63.0952380952381
4,4,336,jpegli-420,37.797619047619044,127.0,4.0,99.0,10.0,37.797619047619044,1.1904761904761905,29.464285714285715,2.976190476190476,26.785714285714285,1.7857142857142856,22869.54464285714,27378.678571428572,22722.839285714286,25889.35119047619,38.988095238095234,61.01190476190476
5,5,336,jpegli-420,41.07142857142857,138.0,4.0,98.0,10.0,41.07142857142857,1.1904761904761905,29.166666666666668,2.976190476190476,24.107142857142858,1.488095238095238,22979.71130952381,27554.8125,22984.925595238095,26174.092261904763,42.26190476190476,57.73809523809524
6,6,336,jpegli-420,44.047619047619044,148.0,4.0,90.0,10.0,44.047619047619044,1.1904761904761905,26.785714285714285,2.976190476190476,23.511904761904763,1.488095238095238,23114.645833333332,27718.16964285714,23313.904761904763,26367.276785714286,45.238095238095234,54.76190476190476
7,7,336,jpegli-420,45.83333333333333,154.0,4.0,85.0,10.0,45.83333333333333,1.1904761904761905,25.297619047619047,2.976190476190476,23.214285714285715,1.488095238095238,23305.76785714286,27931.11011904762,23522.76785714286,26521.175595238095,47.02380952380952,52.97619047619048
8,8,336,jpegli-420,45.23809523809524,152.0,4.0,86.0,9.0,45.23809523809524,1.1904761904761905,25.595238095238095,2.6785714285714284,23.809523809523807,1.488095238095238,23434.372023809523,28127.83035714286,23618.45535714286,26703.386904761905,46.42857142857143,53.57142857142857
9,9,336,jpegli-420,46.13095238095239,155.0,4.0,86.0,9.0,46.13095238095239,1.1904761904761905,25.595238095238095,2.6785714285714284,23.214285714285715,1.1904761904761905,23636.41964285714,28299.83630952381,23795.869047619046,26961.839285714286,47.32142857142858,52.67857142857143
10,10,336,jpegli-420,47.91666666666667,161.0,4.0,79.0,9.0,47.91666666666667,1.1904761904761905,23.511904761904763,2.6785714285714284,22.916666666666664,1.7857142857142856,23823.8125,28585.21130952381,23990.633928571428,27247.60714285714,49.10714285714286,50.89285714285714
11,11,336,jpegli-420,47.32142857142857,159.0,4.0,83.0,7.0,47.32142857142857,1.1904761904761905,24.702380952380953,2.083333333333333,23.214285714285715,1.488095238095238,23979.681547619046,28757.744047619046,24115.95535714286,27621.261904761905,48.51190476190476,51.48809523809524
12,12,336,jpegli-420,50.0,168.0,4.0,78.0,6.0,50.0,1.1904761904761905,23.214285714285715,1.7857142857142856,22.321428571428573,1.488095238095238,24187.244047619046,28943.3125,24328.035714285714,27961.13988095238,51.19047619047619,48.80952380952381
13,13,336,jpegli-420,51.78571428571429,174.0,4.0,68.0,6.0,51.78571428571429,1.1904761904761905,20.238095238095237,1.7857142857142856,23.511904761904763,1.488095238095238,24358.160714285714,29133.005952380954,24692.089285714286,28294.23511904762,52.97619047619048,47.023809523809526
14,14,336,jpegli-420,54.166666666666664,182.0,4.0,69.0,6.0,54.166666666666664,1.1904761904761905,20.535714285714285,1.7857142857142856,20.833333333333336,1.488095238095238,24806.46130952381,29475.10119047619,25035.970238095237,28603.261904761905,55.357142857142854,44.642857142857146
15,15,336,jpegli-420,53.86904761904761,181.0,4.0,66.0,6.0,53.86904761904761,1.1904761904761905,19.642857142857142,1.7857142857142856,21.726190476190478,1.7857142857142856,24987.074404761905,29768.532738095237,25313.175595238095,28928.157738095237,55.0595238095238,44.94047619047619
16,16,336,jpegli-420,53.86904761904761,181.0,4.0,65.0,6.0,53.86904761904761,1.1904761904761905,19.345238095238095,1.7857142857142856,21.726190476190478,2.083333333333333,25212.116071428572,30169.934523809523,25536.53869047619,29259.0,55.0595238095238,44.9404761904762
17,17,336,jpegli-420,52.67857142857143,177.0,3.0,73.0,7.0,52.67857142857143,0.8928571428571428,21.726190476190478,2.083333333333333,20.833333333333336,1.7857142857142856,25523.574404761905,30326.17261904762,25779.925595238095,29418.45535714286,53.57142857142858,46.42857142857143
18,18,336,jpegli-420,56.547619047619044,190.0,3.0,59.0,7.0,56.547619047619044,0.8928571428571428,17.559523809523807,2.083333333333333,21.726190476190478,1.1904761904761905,25786.532738095237,30648.708333333332,26004.907738095237,29794.70238095238,57.44047619047619,42.55952380952381
19,19,336,jpegli-420,54.46428571428571,183.0,3.0,65.0,7.0,54.46428571428571,0.8928571428571428,19.345238095238095,2.083333333333333,22.321428571428573,0.8928571428571428,26157.526785714286,31037.28869047619,26273.660714285714,30087.309523809523,55.357142857142854,44.642857142857146
20,20,336,jpegli-420,55.654761904761905,187.0,3.0,65.0,8.0,55.654761904761905,0.8928571428571428,19.345238095238095,2.380952380952381,20.535714285714285,1.1904761904761905,26456.625,31354.833333333332,26732.33035714286,30513.89880952381,56.54761904761905,43.45238095238095
21,21,336,jpegli-420,59.82142857142857,201.0,3.0,57.0,8.0,59.82142857142857,0.8928571428571428,16.964285714285715,2.380952380952381,18.75,1.1904761904761905,26619.160714285714,31720.011904761905,27009.82738095238,30925.833333333332,60.714285714285715,39.285714285714285
22,22,336,jpegli-420,56.25,189.0,3.0,62.0,8.0,56.25,0.8928571428571428,18.452380952380953,2.380952380952381,20.833333333333336,1.1904761904761905,26939.026785714286,32020.261904761905,27347.738095238095,31272.738095238095,57.142857142857146,42.85714285714286
23,23,336,jpegli-420,56.547619047619044,190.0,3.0,65.0,5.0,56.547619047619044,0.8928571428571428,19.345238095238095,1.488095238095238,20.238095238095237,1.488095238095238,27348.845238095237,32476.654761904763,27648.020833333332,31771.741071428572,57.44047619047619,42.55952380952381
24,24,336,jpegli-420,55.952380952380956,188.0,3.0,61.0,4.0,55.952380952380956,0.8928571428571428,18.154761904761905,1.1904761904761905,22.61904761904762,1.1904761904761905,27650.458333333332,32761.47619047619,28050.083333333332,32127.29761904762,56.8452380952381,43.154761904761905
25,25,336,jpegli-420,56.547619047619044,190.0,3.0,64.0,4.0,56.547619047619044,0.8928571428571428,19.047619047619047,1.1904761904761905,21.13095238095238,1.1904761904761905,28037.535714285714,33165.67559523809,28406.54761904762,32472.91369047619,57.44047619047619,42.55952380952381
26,26,336,jpegli-420,54.46428571428571,183.0,3.0,69.0,4.0,54.46428571428571,0.8928571428571428,20.535714285714285,1.1904761904761905,21.726190476190478,1.1904761904761905,28432.66369047619,33657.979166666664,28694.071428571428,32894.87797619047,55.357142857142854,44.64285714285714
27,27,336,jpegli-420,55.05952380952381,185.0,3.0,70.0,5.0,55.05952380952381,0.8928571428571428,20.833333333333336,1.488095238095238,20.535714285714285,1.1904761904761905,28914.214285714286,33993.91369047619,29081.934523809523,33466.083333333336,55.952380952380956,44.04761904761905
28,28,336,jpegli-420,59.226190476190474,199.0,3.0,57.0,4.0,59.226190476190474,0.8928571428571428,16.964285714285715,1.1904761904761905,20.833333333333336,0.8928571428571428,29234.241071428572,34487.55059523809,29591.175595238095,33924.955357142855,60.11904761904762,39.88095238095239
29,29,336,jpegli-420,57.738095238095234,194.0,4.0,58.0,5.0,57.738095238095234,1.1904761904761905,17.261904761904763,1.488095238095238,21.428571428571427,0.8928571428571428,29624.71130952381,34921.770833333336,29934.282738095237,34397.294642857145,58.92857142857142,41.07142857142858
30,30,336,jpegli-420,56.845238095238095,191.0,4.0,62.0,3.0,56.845238095238095,1.1904761904761905,18.452380952380953,0.8928571428571428,21.726190476190478,0.8928571428571428,29982.907738095237,35309.53273809524,30387.154761904763,34881.09821428572,58.035714285714285,41.964285714285715
31,31,336,jpegli-420,55.35714285714286,186.0,3.0,66.0,3.0,55.35714285714286,0.8928571428571428,19.642857142857142,0.8928571428571428,22.61904761904762,0.5952380952380952,30680.690476190477,35884.494047619046,30868.279761904763,35338.91071428572,56.25000000000001,43.75
32,32,336,jpegli-420,58.03571428571429,195.0,3.0,55.0,3.0,58.03571428571429,0.8928571428571428,16.36904761904762,0.8928571428571428,22.916666666666664,0.8928571428571428,30938.39880952381,36352.91369047619,31379.0,35828.794642857145,58.92857142857144,41.07142857142858
33,33,336,jpegli-420,53.273809523809526,179.0,4.0,68.0,1.0,53.273809523809526,1.1904761904761905,20.238095238095237,0.2976190476190476,24.107142857142858,0.8928571428571428,31594.20535714286,36706.90773809524,31712.553571428572,36520.42857142857,54.464285714285715,45.535714285714285
34,34,336,jpegli-420,53.86904761904761,181.0,2.0,67.0,2.0,53.86904761904761,0.5952380952380952,19.940476190476193,0.5952380952380952,24.107142857142858,0.8928571428571428,31968.324404761905,37312.65476190476,32278.502976190477,37019.583333333336,54.46428571428571,45.53571428571429
35,35,336,jpegli-420,52.38095238095239,176.0,2.0,71.0,3.0,52.38095238095239,0.5952380952380952,21.13095238095238,0.8928571428571428,24.107142857142858,0.8928571428571428,32535.127976190477,37823.333333333336,32787.416666666664,37631.017857142855,52.97619047619048,47.023809523809526
36,36,336,jpegli-420,52.083333333333336,175.0,2.0,74.0,2.0,52.083333333333336,0.5952380952380952,22.023809523809522,0.5952380952380952,23.511904761904763,1.1904761904761905,33085.61011904762,38306.15178571428,33160.58928571428,38168.732142857145,52.67857142857143,47.32142857142857
37,37,336,jpegli-420,54.166666666666664,182.0,2.0,67.0,2.0,54.166666666666664,0.5952380952380952,19.940476190476193,0.5952380952380952,23.511904761904763,1.1904761904761905,33636.47023809524,39077.01190476191,33762.767857142855,38957.26488095238,54.76190476190476,45.23809523809524
38,38,336,jpegli-420,51.19047619047619,172.0,2.0,76.0,2.0,51.19047619047619,0.5952380952380952,22.61904761904762,0.5952380952380952,24.107142857142858,0.8928571428571428,34234.02678571428,39662.83928571428,34357.86309523809,39479.51488095238,51.785714285714285,48.214285714285715
39,39,336,jpegli-420,49.107142857142854,165.0,2.0,78.0,1.0,49.107142857142854,0.5952380952380952,23.214285714285715,0.2976190476190476,25.892857142857146,0.8928571428571428,34944.23511904762,40170.30952380953,34823.931547619046,40275.645833333336,49.70238095238095,50.29761904761906
40,40,336,jpegli-420,52.38095238095239,176.0,2.0,71.0,2.0,52.38095238095239,0.5952380952380952,21.13095238095238,0.5952380952380952,24.107142857142858,1.1904761904761905,35511.57440476191,40827.41369047619,35486.66369047619,40889.40773809524,52.97619047619048,47.02380952380952
41,41,336,jpegli-420,53.86904761904761,181.0,2.0,63.0,2.0,53.86904761904761,0.5952380952380952,18.75,0.5952380952380952,25.297619047619047,0.8928571428571428,36210.81547619047,41462.00297619047,36196.3125,41658.58928571428,54.46428571428571,45.535714285714285
42,42,336,jpegli-420,51.488095238095234,173.0,3.0,66.0,2.0,51.488095238095234,0.8928571428571428,19.642857142857142,0.5952380952380952,26.190476190476193,1.1904761904761905,36942.38392857143,42210.369047619046,36914.505952380954,42269.07440476191,52.38095238095238,47.61904761904762
43,43,336,jpegli-420,54.46428571428571,183.0,2.0,64.0,2.0,54.46428571428571,0.5952380952380952,19.047619047619047,0.5952380952380952,24.107142857142858,1.1904761904761905,37572.76190476191,43048.91369047619,37539.72321428572,43107.5,55.0595238095238,44.94047619047619
44,44,336,jpegli-420,51.488095238095234,173.0,3.0,69.0,2.0,51.488095238095234,0.8928571428571428,20.535714285714285,0.5952380952380952,25.297619047619047,1.1904761904761905,38497.244047619046,43627.41071428572,38323.642857142855,44112.49702380953,52.38095238095238,47.61904761904762
45,45,336,jpegli-420,52.976190476190474,178.0,4.0,63.0,2.0,52.976190476190474,1.1904761904761905,18.75,0.5952380952380952,25.595238095238095,0.8928571428571428,39253.82142857143,44463.99107142857,39046.79761904762,45090.693452380954,54.166666666666664,45.833333333333336
46,46,336,jpegli-420,52.67857142857143,177.0,5.0,64.0,2.0,52.67857142857143,1.488095238095238,19.047619047619047,0.5952380952380952,25.0,1.1904761904761905,40107.22321428572,45489.75892857143,39898.59821428572,45869.45238095238,54.16666666666667,45.83333333333333
47,47,336,jpegli-420,51.488095238095234,173.0,5.0,69.0,2.0,51.488095238095234,1.488095238095238,20.535714285714285,0.5952380952380952,25.0,0.8928571428571428,40950.08630952381,46249.88392857143,40778.34523809524,46775.22619047619,52.976190476190474,47.023809523809526
48,48,336,jpegli-420,52.67857142857143,177.0,5.0,66.0,2.0,52.67857142857143,1.488095238095238,19.642857142857142,0.5952380952380952,24.404761904761905,1.1904761904761905,41916.32440476191,46939.12202380953,41738.94940476191,47842.005952380954,54.16666666666667,45.83333333333333
49,49,336,jpegli-420,53.273809523809526,179.0,4.0,62.0,2.0,53.273809523809526,1.1904761904761905,18.452380952380953,0.5952380952380952,25.297619047619047,1.1904761904761905,43035.35119047619,48116.255952380954,42683.8125,48911.75,54.464285714285715,45.535714285714285
50,50,336,jpegli-420,47.91666666666667,161.0,5.0,69.0,2.0,47.91666666666667,1.488095238095238,20.535714285714285,0.5952380952380952,28.273809523809522,1.1904761904761905,44031.90773809524,49063.59226190476,43668.270833333336,50077.48809523809,49.40476190476191,50.59523809523809
51,51,336,jpegli-420,53.57142857142857,180.0,4.0,56.0,2.0,53.57142857142857,1.1904761904761905,16.666666666666664,0.5952380952380952,27.083333333333332,0.8928571428571428,45154.669642857145,49982.45238095238,44733.09821428572,51245.32440476191,54.76190476190476,45.238095238095234
52,52,336,jpegli-420,53.86904761904761,181.0,4.0,60.0,2.0,53.86904761904761,1.1904761904761905,17.857142857142858,0.5952380952380952,25.297619047619047,1.1904761904761905,46255.330357142855,51123.30357142857,45655.23511904762,52494.31547619047,55.0595238095238,44.94047619047619
53,53,336,jpegli-420,53.273809523809526,179.0,4.0,66.0,2.0,53.273809523809526,1.1904761904761905,19.642857142857142,0.5952380952380952,24.404761904761905,0.8928571428571428,47560.33928571428,52209.79761904762,46903.10119047619,53803.49107142857,54.464285714285715,45.535714285714285
54,54,336,jpegli-420,54.166666666666664,182.0,4.0,58.0,3.0,54.166666666666664,1.1904761904761905,17.261904761904763,0.8928571428571428,25.892857142857146,0.5952380952380952,48724.21130952381,53481.35119047619,48091.056547619046,54992.53869047619,55.357142857142854,44.642857142857146
55,55,336,jpegli-420,48.214285714285715,162.0,4.0,73.0,2.0,48.214285714285715,1.1904761904761905,21.726190476190478,0.5952380952380952,27.67857142857143,0.5952380952380952,50160.44047619047,54718.30059523809,49429.15476190476,56665.056547619046,49.404761904761905,50.595238095238095
56,56,336,jpegli-420,51.78571428571429,174.0,5.0,64.0,1.0,51.78571428571429,1.488095238095238,19.047619047619047,0.2976190476190476,26.488095238095237,0.8928571428571428,51709.13392857143,55897.354166666664,50780.05952380953,58129.34821428572,53.27380952380953,46.726190476190474
57,57,336,jpegli-420,50.297619047619044,169.0,6.0,62.0,1.0,50.297619047619044,1.7857142857142856,18.452380952380953,0.2976190476190476,28.273809523809522,0.8928571428571428,53073.943452380954,57345.994047619046,52252.60119047619,59541.44642857143,52.08333333333333,47.916666666666664
58,58,336,jpegli-420,51.488095238095234,173.0,7.0,61.0,2.0,51.488095238095234,2.083333333333333,18.154761904761905,0.5952380952380952,26.190476190476193,1.488095238095238,54409.77380952381,58712.07142857143,53783.41369047619,61274.77976190476,53.57142857142857,46.42857142857143
59,59,336,jpegli-420,52.976190476190474,178.0,7.0,54.0,3.0,52.976190476190474,2.083333333333333,16.071428571428573,0.8928571428571428,26.785714285714285,1.1904761904761905,56242.0,60364.95238095238,55633.55059523809,63081.14880952381,55.05952380952381,44.94047619047619
60,60,336,jpegli-420,52.67857142857143,177.0,7.0,60.0,1.0,52.67857142857143,2.083333333333333,17.857142857142858,0.2976190476190476,25.892857142857146,1.1904761904761905,55173.40597014925,62006.25297619047,57218.0,64907.02380952381,54.761904761904766,45.23809523809524
61,61,336,jpegli-420,53.57142857142857,180.0,8.0,49.0,2.0,53.57142857142857,2.380952380952381,14.583333333333334,0.5952380952380952,27.380952380952383,1.488095238095238,56896.86268656716,63650.87797619047,59364.38690476191,67392.02678571429,55.95238095238095,44.04761904761905
62,62,336,jpegli-420,52.976190476190474,178.0,8.0,51.0,1.0,52.976190476190474,2.380952380952381,15.178571428571427,0.2976190476190476,27.67857142857143,1.488095238095238,58870.87462686567,65575.11309523809,61307.955357142855,69403.24107142857,55.357142857142854,44.642857142857146
63,63,336,jpegli-420,53.273809523809526,179.0,9.0,49.0,1.0,53.273809523809526,2.6785714285714284,14.583333333333334,0.2976190476190476,27.083333333333332,2.083333333333333,61089.60895522388,67528.46726190476,63556.67857142857,72012.625,55.952380952380956,44.04761904761905
64,64,336,jpegli-420,56.25,189.0,11.0,43.0,1.0,56.25,3.273809523809524,12.797619047619047,0.2976190476190476,26.190476190476193,1.1904761904761905,63036.211940298504,69757.57142857143,65726.08358208956,74538.74702380953,59.523809523809526,40.47619047619048
65,65,336,jpegli-420,53.57142857142857,180.0,11.0,39.0,1.0,53.57142857142857,3.273809523809524,11.607142857142858,0.2976190476190476,29.761904761904763,1.488095238095238,65498.66467065868,71981.36011904762,68640.41194029851,77376.53273809524,56.845238095238095,43.15476190476191
66,66,336,jpegli-420,53.57142857142857,180.0,13.0,35.0,2.0,53.57142857142857,3.869047619047619,10.416666666666668,0.5952380952380952,30.059523809523807,1.488095238095238,68235.51796407186,74688.72916666667,71063.10149253732,80148.61309523809,57.44047619047619,42.55952380952381
67,67,336,jpegli-420,55.05952380952381,185.0,12.0,31.0,1.0,55.05952380952381,3.571428571428571,9.226190476190476,0.2976190476190476,29.464285714285715,2.380952380952381,70709.374251497,76849.94047619047,70811.60778443114,83593.13095238095,58.63095238095238,41.36904761904762
68,68,336,jpegli-420,54.46428571428571,183.0,13.0,34.0,1.0,54.46428571428571,3.869047619047619,10.119047619047619,0.2976190476190476,28.869047619047617,2.380952380952381,73928.51351351352,79960.21428571429,73963.70359281437,86559.84226190476,58.33333333333333,41.666666666666664
69,69,336,jpegli-420,52.38095238095239,176.0,18.0,37.0,2.0,52.38095238095239,5.357142857142857,11.011904761904761,0.5952380952380952,28.273809523809522,2.380952380952381,76733.2042042042,82754.35119047618,76925.79041916168,89745.46428571429,57.73809523809524,42.26190476190476
70,70,336,jpegli-420,50.595238095238095,170.0,23.0,36.0,3.0,50.595238095238095,6.845238095238096,10.714285714285714,0.8928571428571428,28.57142857142857,2.380952380952381,80433.0960960961,83003.21194029851,80478.28828828828,94076.13988095238,57.44047619047619,42.5595238095238
71,71,336,jpegli-420,50.595238095238095,170.0,22.0,33.0,2.0,50.595238095238095,6.547619047619048,9.821428571428571,0.5952380952380952,30.357142857142854,2.083333333333333,84100.7027027027,86376.84776119403,84129.41741741741,98191.90476190476,57.142857142857146,42.857142857142854
72,72,336,jpegli-420,48.214285714285715,162.0,30.0,37.0,4.0,48.214285714285715,8.928571428571429,11.011904761904761,1.1904761904761905,28.57142857142857,2.083333333333333,88424.04804804805,90217.02985074627,88303.92192192192,103034.60895522388,57.142857142857146,42.857142857142854
73,73,335,jpegli-420,45.97014925373134,154.0,33.0,35.0,1.0,45.97014925373134,9.850746268656717,10.44776119402985,0.2985074626865672,31.044776119402982,2.3880597014925375,93421.7987987988,94346.57014925373,93409.48048048047,104507.93975903615,55.82089552238806,44.179104477611936
74,74,335,jpegli-420,47.462686567164184,159.0,40.0,29.0,2.0,47.462686567164184,11.940298507462686,8.656716417910449,0.5970149253731344,28.65671641791045,2.6865671641791042,97818.01515151515,98269.64179104478,98094.90662650602,106390.20972644378,59.40298507462687,40.59701492537314
75,75,335,jpegli-420,44.776119402985074,150.0,44.0,36.0,4.0,44.776119402985074,13.134328358208954,10.746268656716417,1.1940298507462688,27.46268656716418,2.6865671641791042,100353.92331288343,103096.34337349398,103979.34146341463,111522.07975460123,57.91044776119403,42.08955223880597
76,76,333,jpegli-420,44.14414414414414,147.0,55.0,25.0,3.0,44.14414414414414,16.516516516516518,7.5075075075075075,0.9009009009009009,28.82882882882883,2.1021021021021022,106419.27244582043,108203.11144578313,110333.46625766871,114423.66975308642,60.66066066066066,39.33933933933934
77,77,331,jpegli-420,40.78549848942598,135.0,60.0,27.0,1.0,40.78549848942598,18.12688821752266,8.157099697885197,0.3021148036253776,30.513595166163142,2.1148036253776437,112940.40372670807,110395.02727272727,114036.86292834891,118199.31269349845,58.91238670694864,41.08761329305136
78,78,330,jpegli-420,38.78787878787879,128.0,73.0,24.0,3.0,38.78787878787879,22.12121212121212,7.2727272727272725,0.9090909090909091,27.575757575757574,3.3333333333333335,115014.60759493671,114435.8231707317,112349.35759493671,125641.23913043478,60.90909090909091,39.09090909090909
79,79,326,jpegli-420,40.49079754601227,132.0,94.0,16.0,1.0,40.49079754601227,28.834355828220858,4.9079754601226995,0.3067484662576687,22.392638036809817,3.067484662576687,122120.78525641025,120303.27076923077,115430.96463022508,127444.29712460063,69.32515337423312,30.674846625766875
80,80,324,jpegli-444,37.65432098765432,121.0,122.0,15.0,2.0,37.34567901234568,37.65432098765432,4.62962962962963,0.6172839506172839,17.59259259259259,2.1604938271604937,128601.40849673202,125015.40498442367,122706.21192052981,128628.64802631579,75.0,25.0
81,81,318,jpegli-420,37.735849056603776,120.0,118.0,12.0,2.0,37.735849056603776,37.10691823899371,3.7735849056603774,0.628930817610063,17.92452830188679,2.8301886792452833,121277.62328767123,122566.71608832807,133266.41296928326,128734.11784511784,74.84276729559748,25.157232704402514
82,82,311,jpegli-444,41.47909967845659,115.0,129.0,8.0,2.0,36.97749196141479,41.47909967845659,2.572347266881029,0.6430868167202572,16.077170418006432,2.2508038585209005,126410.20714285714,128615.37540453074,132581.40073529413,129809.15224913495,78.45659163987139,21.54340836012862
83,83,302,jpegli-444,49.668874172185426,86.0,150.0,9.0,1.0,28.47682119205298,49.668874172185426,2.980132450331126,0.33112582781456956,16.225165562913908,2.3178807947019866,126500.17977528089,138127.6953642384,126224.27376425856,133811.45323741008,78.1456953642384,21.854304635761586
84,84,293,jpegli-444,52.218430034129696,91.0,153.0,4.0,3.0,31.058020477815703,52.218430034129696,1.3651877133105803,1.023890784982935,12.286689419795222,2.04778156996587,130366.52362204724,131442.90625,128906.89156626505,141958.84030418252,83.2764505119454,16.72354948805461
85,85,275,jpegli-444,54.90909090909091,68.0,151.0,11.0,1.0,24.727272727272727,54.90909090909091,4.0,0.36363636363636365,13.090909090909092,2.909090909090909,139129.50427350428,128363.38376383764,141493.6403508772,144228.64516129033,79.63636363636363,20.363636363636363
86,86,261,jpegli-444,61.68582375478927,58.0,161.0,7.0,0.0,22.22222222222222,61.68582375478927,2.681992337164751,0.0,9.961685823754788,3.4482758620689653,148208.8396226415,143845.00387596898,161403.66829268294,161083.32882882882,83.90804597701148,16.091954022988503
87,87,246,jpegli-444,58.94308943089431,64.0,145.0,8.0,3.0,26.01626016260163,58.94308943089431,3.2520325203252036,1.2195121951219512,7.723577235772358,2.8455284552845526,154591.48369565216,156286.88524590165,160111.5730994152,182846.5024875622,84.95934959349594,15.040650406504065
88,88,225,jpegli-444,59.55555555555555,59.0,134.0,7.0,4.0,26.222222222222225,59.55555555555555,3.111111111111111,1.7777777777777777,6.666666666666667,2.666666666666667,151599.78343949045,170290.17431192662,164117.14285714287,183465.11976047905,85.77777777777777,14.222222222222225
89,89,188,jpegli-444,58.51063829787234,42.0,110.0,7.0,4.0,22.340425531914892,58.51063829787234,3.723404255319149,2.127659574468085,9.042553191489363,4.25531914893617,198304.77777777778,157082.32960893854,178027.45283018867,194903.0909090909,80.85106382978724,19.148936170212767
90,90,149,jpegli-444,57.71812080536913,33.0,86.0,3.0,5.0,22.14765100671141,57.71812080536913,2.013422818791946,3.3557046979865772,10.738255033557047,4.026845637583892,198368.92592592593,155137.35172413793,206367.81818181818,180205.8409090909,79.86577181208054,20.134228187919465
91,91,100,jpegli-444,56.99999999999999,15.0,57.0,4.0,4.0,15.0,56.99999999999999,4.0,4.0,12.0,8.0,174631.52173913043,138164.57894736843,227541.46511627908,154186.22222222222,72.0,28.0
92,92,62,jpegli-444,58.06451612903226,7.0,36.0,1.0,2.0,11.29032258064516,58.06451612903226,1.6129032258064515,3.225806451612903,11.29032258064516,14.516129032258066,140274.36842105264,121445.5172413793,173094.27272727274,169848.26829268291,69.35483870967742,30.645161290322577
93,93,34,jpegli-444,55.88235294117647,3.0,19.0,1.0,1.0,8.823529411764707,55.88235294117647,2.941176470588235,2.941176470588235,5.88235294117647,23.52941176470588,63601.6,121270.33333333333,258106.25,256389.05263157896,64.70588235294117,35.29411764705882
94,94,7,mozjpeg-max-444,42.857142857142854,2.0,1.0,0.0,1.0,28.57142857142857,14.285714285714285,0.0,14.285714285714285,0.0,42.857142857142854,58066.5,55024.333333333336,41934.0,118302.0,42.857142857142854,57.14285714285714
95,95,1,jpegli-420,100.0,1.0,0.0,0.0,0.0,100.0,0.0,0.0,0.0,0.0,0.0,86403.0,87247.0,,,100.0,0.0
96,96,1,jpegli-420,100.0,1.0,0.0,0.0,0.0,100.0,0.0,0.0,0.0,0.0,0.0,95442.0,,,,100.0,0.0
97,97,0,none,0.0,,,,,,,,,,,,,,,,
98,98,0,none,0.0,,,,,,,,,,,,,,,,
99,99,0,none,0.0,,,,,,,,,,,,,,,,
100,100,0,none,0.0,,,,,,,,,,,,,,,,
